{
  "2011:2012": {
    "0:0": 0.033443022033489894,
    "2:6": 0.0006877303249268825
  },
  "2012:2013": {
    "0:0": 0.26478217830496603
  },
  "2013:2014": {
    "0:0": 0.509316883499999,
    "0:1": 0.009160162437076425
  },
  "2014:2015": {
    "0:0": 0.00018738935067034676,
    "0:1": 0.11734534149231236,
    "1:0": 0.0053971816786801,
    "1:1": 0.06859383916729261,
    "1:5": 0.0005336884240853658,
    "2:5": 0.0003919617671861239,
    "3:5": 0.0003919617671861239,
    "4:5": 0.0003919617671861239,
    "6:5": 0.0003919617671861239,
    "7:5": 0.0003919617671861239,
    "8:5": 0.0003919617671861239,
    "9:5": 0.0003919617671861239,
    "10:5": 0.0003919617671861239,
    "11:5": 0.0003919617671861239,
    "12:5": 0.0003919617671861239,
    "13:5": 0.0003919617671861239
  },
  "2015:2016": {
    "0:0": 0.003472248631340107,
    "1:0": 0.38470934016785396,
    "5:0": 0.00015482186906631777,
    "5:1": 0.0003919617671861239,
    "5:2": 0.0003919617671861239,
    "5:3": 0.0003919617671861239,
    "5:4": 0.0003919617671861239
  },
  "2016:2017": {
    "0:0": 0.06731880411441217,
    "0:1": 0.00945494102776366
  }
}
